playlist_index,artist_name,artist_uri,album_name,album_uri,track_name,track_uri,duration_ms_x,release_date,popularity,danceability,energy,key,loudness,mode,speechiness,acousticness,instrumentalness,liveness,valence,tempo,type,id,track_href,analysis_url,duration_ms,time_signature
1,OneRepublic,spotify:artist:5Pwc4xIPtQLFEnJriah9YJ,Dreaming Out Loud (International Version),spotify:album:72c3ugX0yPaFCtEuHPDXaY,Apologize,spotify:track:6fOPuabPdAJ0HgqJFcDGb1,208106,2007-01-01,0,0.593,0.74,8,-6.12,1,0.0339,0.363,2.22e-05,0.102,0.502,118.008,audio_features,6fOPuabPdAJ0HgqJFcDGb1,https://api.spotify.com/v1/tracks/6fOPuabPdAJ0HgqJFcDGb1,https://api.spotify.com/v1/audio-analysis/6fOPuabPdAJ0HgqJFcDGb1,208107,4
2,OneRepublic,spotify:artist:5Pwc4xIPtQLFEnJriah9YJ,Waking Up,spotify:album:4ySSx2L6h2siW22LK6dwhN,Secrets,spotify:track:4zweVv3Wa6XgexhoUOzkYs,224693,2009-01-01,0,0.516,0.764,2,-6.223,1,0.0366,0.0717,0.0,0.115,0.376,148.021,audio_features,4zweVv3Wa6XgexhoUOzkYs,https://api.spotify.com/v1/tracks/4zweVv3Wa6XgexhoUOzkYs,https://api.spotify.com/v1/audio-analysis/4zweVv3Wa6XgexhoUOzkYs,224693,4
3,OneRepublic,spotify:artist:5Pwc4xIPtQLFEnJriah9YJ,Native,spotify:album:42UJjk8i8L0De7lQtu7sqi,Counting Stars,spotify:track:1QzFhzIOW7CyRJLpmq5CM0,257386,2014-01-01,58,0.663,0.705,1,-4.972,0,0.0385,0.0654,0.0,0.117,0.477,122.014,audio_features,1QzFhzIOW7CyRJLpmq5CM0,https://api.spotify.com/v1/tracks/1QzFhzIOW7CyRJLpmq5CM0,https://api.spotify.com/v1/audio-analysis/1QzFhzIOW7CyRJLpmq5CM0,257387,4
4,Christina Perri,spotify:artist:7H55rcKCfwqkyDFH9wpKM6,A Thousand Years,spotify:album:15yvc643iYfQtb6zh9NEJo,a thousand years,spotify:track:6lanRgr6wXibZr8KgzXxBl,285120,2011-10-18,82,0.421,0.407,10,-7.445,1,0.0267,0.309,0.000961,0.11,0.161,139.028,audio_features,6lanRgr6wXibZr8KgzXxBl,https://api.spotify.com/v1/tracks/6lanRgr6wXibZr8KgzXxBl,https://api.spotify.com/v1/audio-analysis/6lanRgr6wXibZr8KgzXxBl,285120,3
5,Aqualung,spotify:artist:3uT7nEkZwWc2GBiqUZGoOe,Strange & Beautiful,spotify:album:2w1zxP11Ec4G3fF92ErPyp,Brighter Than Sunshine,spotify:track:3W6UA36h0zahjxU709wLSI,241360,2005-01-17,41,0.314,0.483,11,-8.365,1,0.0351,0.229,0.0269,0.564,0.348,145.047,audio_features,3W6UA36h0zahjxU709wLSI,https://api.spotify.com/v1/tracks/3W6UA36h0zahjxU709wLSI,https://api.spotify.com/v1/audio-analysis/3W6UA36h0zahjxU709wLSI,241360,4
6,Jet,spotify:artist:5ypxebeHEIXjMtJb17uJlI,Get Born,spotify:album:6NrLpQCPYrNS3kVWxDgIlg,Look What You've Done,spotify:track:0ZSmRnXnP5fdANtVlCok1g,230893,2003-09-15,59,0.4,0.541,0,-6.84,1,0.0252,0.393,0.00108,0.146,0.325,74.425,audio_features,0ZSmRnXnP5fdANtVlCok1g,https://api.spotify.com/v1/tracks/0ZSmRnXnP5fdANtVlCok1g,https://api.spotify.com/v1/audio-analysis/0ZSmRnXnP5fdANtVlCok1g,230893,4
7,"Drake, Wizkid, Kyla","spotify:artist:3TVXtAsR1Inumwj472S9r4, spotify:artist:3tVQdUvClmAT7URs9V3rsp, spotify:artist:77DAFfvm3O9zT5dIoG0eIO",One Dance,spotify:album:05FOcj5Cygu51XbAmlJd2k,One Dance,spotify:track:0JoaFxLgrqbWutREzcZBzS,173974,2016-04-05,0,0.771,0.629,1,-5.79,1,0.0511,0.00802,0.00252,0.356,0.362,103.918,audio_features,0JoaFxLgrqbWutREzcZBzS,https://api.spotify.com/v1/tracks/0JoaFxLgrqbWutREzcZBzS,https://api.spotify.com/v1/audio-analysis/0JoaFxLgrqbWutREzcZBzS,173975,4
8,"Lost Frequencies, Janieck Devy","spotify:artist:7f5Zgnp2spUuuzKplmRkt7, spotify:artist:5gtYjyZlmPOc1lLHvYzCON",Reality (feat. Janieck Devy),spotify:album:1o18e1NP68Oe5UWA0JuxI2,Reality (feat. Janieck Devy) - Radio Edit,spotify:track:3GeeyHU1Q6xjyeXjRAjBoo,158474,2015-05-24,48,0.731,0.639,9,-6.597,1,0.0359,0.0206,1.29e-05,0.0789,0.527,122.08,audio_features,3GeeyHU1Q6xjyeXjRAjBoo,https://api.spotify.com/v1/tracks/3GeeyHU1Q6xjyeXjRAjBoo,https://api.spotify.com/v1/audio-analysis/3GeeyHU1Q6xjyeXjRAjBoo,158474,4
9,"Shawn Mendes, Camila Cabello","spotify:artist:7n2wHs1TKAczGzO7Dd2rGr, spotify:artist:4nDoRrQiYLoBzwC5BhVJzF",I Know What You Did Last Summer,spotify:album:4LMpYAVqnugeZa8crTR0qP,I Know What You Did Last Summer,spotify:track:2vPcuc4MgKP2PPdj4OQ0SV,223853,2015-11-18,0,0.692,0.766,9,-4.559,0,0.103,0.124,0.0,0.141,0.738,113.971,audio_features,2vPcuc4MgKP2PPdj4OQ0SV,https://api.spotify.com/v1/tracks/2vPcuc4MgKP2PPdj4OQ0SV,https://api.spotify.com/v1/audio-analysis/2vPcuc4MgKP2PPdj4OQ0SV,223853,4
10,Shawn Mendes,spotify:artist:7n2wHs1TKAczGzO7Dd2rGr,Handwritten (Deluxe),spotify:album:5wKylB0Zwnxz046O7po25D,Stitches,spotify:track:1WP1r7fuvRqZRnUaTi2I1Q,206880,2015-04-13,0,0.746,0.754,1,-6.681,1,0.067,0.0152,0.0,0.0486,0.764,149.882,audio_features,1WP1r7fuvRqZRnUaTi2I1Q,https://api.spotify.com/v1/tracks/1WP1r7fuvRqZRnUaTi2I1Q,https://api.spotify.com/v1/audio-analysis/1WP1r7fuvRqZRnUaTi2I1Q,206880,4
11,Ariana Grande,spotify:artist:66CXWjxzNUsdJxJ2JdwvnR,Dangerous Woman,spotify:album:4lVR2fg3DAUQpGVJ6DciHW,Into You,spotify:track:7yHEDfrJNd0zWOfXwydNH0,244453,2016-05-20,0,0.636,0.727,9,-5.852,1,0.106,0.0161,1.12e-06,0.151,0.358,107.988,audio_features,7yHEDfrJNd0zWOfXwydNH0,https://api.spotify.com/v1/tracks/7yHEDfrJNd0zWOfXwydNH0,https://api.spotify.com/v1/audio-analysis/7yHEDfrJNd0zWOfXwydNH0,244453,4
12,Bruno Mars,spotify:artist:0du5cEVh5yTK9QJze8zA0C,Unorthodox Jukebox,spotify:album:58ufpQsJ1DS5kq4hhzQDiI,Gorilla,spotify:track:2ih2U8ttFzCjnQ5njF3SrR,244493,2012-12-07,65,0.717,0.544,7,-6.598,1,0.0371,0.445,5.16e-06,0.0973,0.641,139.959,audio_features,2ih2U8ttFzCjnQ5njF3SrR,https://api.spotify.com/v1/tracks/2ih2U8ttFzCjnQ5njF3SrR,https://api.spotify.com/v1/audio-analysis/2ih2U8ttFzCjnQ5njF3SrR,244493,4
13,Bon Jovi,spotify:artist:58lV9VcRSjABbAbfWS6skp,Slippery When Wet (Remastered),spotify:album:7pMFJnQzOnQXviU4FPpQAn,You Give Love A Bad Name,spotify:track:5VVwwfK6Cp9IydkhKfJUEq,222706,1986-01-01,0,0.54,0.96,0,-2.971,0,0.0521,0.0678,2.34e-06,0.342,0.802,122.761,audio_features,5VVwwfK6Cp9IydkhKfJUEq,https://api.spotify.com/v1/tracks/5VVwwfK6Cp9IydkhKfJUEq,https://api.spotify.com/v1/audio-analysis/5VVwwfK6Cp9IydkhKfJUEq,222707,4
14,Kiiara,spotify:artist:4u5smJBskI6Adzv08PuiUP,low kii savage,spotify:album:2EvTMiJyF3H4BoxNCL4HLh,Gold,spotify:track:6ZSO7kPn8IMJFymyticbJO,225882,2016-03-22,61,0.6,0.412,8,-9.343,1,0.344,0.615,0.0025,0.134,0.408,113.049,audio_features,6ZSO7kPn8IMJFymyticbJO,https://api.spotify.com/v1/tracks/6ZSO7kPn8IMJFymyticbJO,https://api.spotify.com/v1/audio-analysis/6ZSO7kPn8IMJFymyticbJO,225882,5
15,The Goo Goo Dolls,spotify:artist:2sil8z5kiy4r76CRTXxBCA,Greatest Hits Volume One - The Singles,spotify:album:0UccZZgelTAbbk3OSPZymO,Iris,spotify:track:6vrUTGn5p8IrfTZ0J6sIVM,289906,2007-11-06,72,0.291,0.79,11,-5.683,0,0.0363,0.00133,5.61e-06,0.0811,0.513,155.667,audio_features,6vrUTGn5p8IrfTZ0J6sIVM,https://api.spotify.com/v1/tracks/6vrUTGn5p8IrfTZ0J6sIVM,https://api.spotify.com/v1/audio-analysis/6vrUTGn5p8IrfTZ0J6sIVM,289907,3
16,Oasis,spotify:artist:2DaxqgrOhkeH0fpeiQq2f4,(What's The Story) Morning Glory? [Remastered],spotify:album:1VW1MFNstaJuygaoTPkdCk,Wonderwall - Remastered,spotify:track:5qqabIl2vWzo9ApSC317sa,258773,1995-10-02,77,0.376,0.896,2,-4.065,1,0.0395,0.000452,0.0,0.194,0.472,174.379,audio_features,5qqabIl2vWzo9ApSC317sa,https://api.spotify.com/v1/tracks/5qqabIl2vWzo9ApSC317sa,https://api.spotify.com/v1/audio-analysis/5qqabIl2vWzo9ApSC317sa,258773,4
17,Elliott Smith,spotify:artist:2ApaG60P4r0yhBoDCGD8YG,Either/Or,spotify:album:5hryhrT7wEdLnZCbJX9F6L,Between The Bars,spotify:track:52Bg6oaos7twR7IUtEpqcE,141280,1997-02-25,65,0.522,0.074,7,-23.625,0,0.0598,0.929,0.765,0.108,0.342,135.298,audio_features,52Bg6oaos7twR7IUtEpqcE,https://api.spotify.com/v1/tracks/52Bg6oaos7twR7IUtEpqcE,https://api.spotify.com/v1/audio-analysis/52Bg6oaos7twR7IUtEpqcE,141280,3
18,Halsey,spotify:artist:26VFTg2z8YR0cCuwLzESi2,"Not Afraid Anymore [From ""Fifty Shades Darker (Original Motion Picture Soundtrack)""]",spotify:album:4HLA2Fsva7IJafJrhG5u52,Not Afraid Anymore,spotify:track:1uoL9GX45dTnmrWQ7Ii1Ft,226800,2017-01-13,0,0.548,0.731,5,-6.997,0,0.0704,0.00308,4.02e-05,0.123,0.477,131.973,audio_features,1uoL9GX45dTnmrWQ7Ii1Ft,https://api.spotify.com/v1/tracks/1uoL9GX45dTnmrWQ7Ii1Ft,https://api.spotify.com/v1/audio-analysis/1uoL9GX45dTnmrWQ7Ii1Ft,226800,4
19,Scorpions,spotify:artist:27T030eWyCQRmDyuvr1kxY,Acoustica,spotify:album:6VOsm3ABkYoOnJFHo4iG6q,Still Loving You - Live,spotify:track:19KEKRHlCuBswgShavMey0,345613,2001-03-22,37,0.544,0.527,6,-7.116,0,0.0282,0.488,0.0289,0.977,0.129,111.833,audio_features,19KEKRHlCuBswgShavMey0,https://api.spotify.com/v1/tracks/19KEKRHlCuBswgShavMey0,https://api.spotify.com/v1/audio-analysis/19KEKRHlCuBswgShavMey0,345613,4
20,Radiohead,spotify:artist:4Z8W4fKeB5YxbusRsdQVPb,Pablo Honey,spotify:album:6400dnyeDyD2mIFHfkwHXN,Creep,spotify:track:6b2oQwSGFkzsMtQruIWm2p,238640,1993-02-22,23,0.515,0.43,7,-9.935,1,0.0369,0.0102,0.000141,0.129,0.104,91.841,audio_features,6b2oQwSGFkzsMtQruIWm2p,https://api.spotify.com/v1/tracks/6b2oQwSGFkzsMtQruIWm2p,https://api.spotify.com/v1/audio-analysis/6b2oQwSGFkzsMtQruIWm2p,238640,4
21,"3 Doors Down, Jack Joseph Puig","spotify:artist:2RTUTCvo6onsAnheUk3aL9, spotify:artist:30I8GIK3UqVyAg58557mdJ",The Greatest Hits,spotify:album:22S5arZONb8LdaURbpzpDR,Here Without You,spotify:track:135cNW8kQtiTId7qcsJfVC,235640,2012-01-01,51,0.469,0.67,10,-4.604,0,0.027,0.00815,0.0,0.132,0.158,144.045,audio_features,135cNW8kQtiTId7qcsJfVC,https://api.spotify.com/v1/tracks/135cNW8kQtiTId7qcsJfVC,https://api.spotify.com/v1/audio-analysis/135cNW8kQtiTId7qcsJfVC,235640,4
22,Nickelback,spotify:artist:6deZN1bslXzeGvOLaLMOIF,Silver Side Up,spotify:album:5fKL7vMTXvhR9tov8Kqt3u,How You Remind Me,spotify:track:0gmbgwZ8iqyMPmXefof8Yf,223840,2001-09-11,84,0.446,0.764,10,-5.042,1,0.033,0.00135,0.0,0.099,0.543,172.094,audio_features,0gmbgwZ8iqyMPmXefof8Yf,https://api.spotify.com/v1/tracks/0gmbgwZ8iqyMPmXefof8Yf,https://api.spotify.com/v1/audio-analysis/0gmbgwZ8iqyMPmXefof8Yf,223840,4
23,Ed Sheeran,spotify:artist:6eUKZXaKkcviH0Ku9w2n3V,Shape of You,spotify:album:7oJa8bPFKVbq4c7NswXHw8,Shape of You,spotify:track:0FE9t6xYkqWXU2ahLh6D8X,233712,2017-01-06,6,0.825,0.652,1,-3.183,0,0.0802,0.581,0.0,0.0931,0.931,95.977,audio_features,0FE9t6xYkqWXU2ahLh6D8X,https://api.spotify.com/v1/tracks/0FE9t6xYkqWXU2ahLh6D8X,https://api.spotify.com/v1/audio-analysis/0FE9t6xYkqWXU2ahLh6D8X,233713,4
24,Ed Sheeran,spotify:artist:6eUKZXaKkcviH0Ku9w2n3V,x (Deluxe Edition),spotify:album:1xn54DMo2qIqBuMqHtUsFd,Thinking out Loud,spotify:track:34gCuhDGsG4bRPIf9bb02f,281560,2014-06-21,80,0.781,0.445,2,-6.061,1,0.0295,0.474,0.0,0.184,0.591,78.998,audio_features,34gCuhDGsG4bRPIf9bb02f,https://api.spotify.com/v1/tracks/34gCuhDGsG4bRPIf9bb02f,https://api.spotify.com/v1/audio-analysis/34gCuhDGsG4bRPIf9bb02f,281560,4
25,FRAUDS,spotify:artist:4rGn6zNpeJkXa3pEkrgUQu,Ellipse,spotify:album:4SkmxfkZCK4yKED8Woc5w0,Abandoned,spotify:track:5UwmnJv2F8SlDQTQnEsAsf,246282,2017-11-24,23,0.45,0.111,4,-13.424,0,0.032,0.65,0.0092,0.115,0.0386,111.19,audio_features,5UwmnJv2F8SlDQTQnEsAsf,https://api.spotify.com/v1/tracks/5UwmnJv2F8SlDQTQnEsAsf,https://api.spotify.com/v1/audio-analysis/5UwmnJv2F8SlDQTQnEsAsf,246282,4
26,"Hailee Steinfeld, BloodPop®","spotify:artist:5p7f24Rk5HkUZsaS3BLG5F, spotify:artist:1okJ4NC308qbtY9LyHn6DO",Fifty Shades Freed (Original Motion Picture Soundtrack),spotify:album:4w0N1CaZwQ5RPIuawqlYyy,Capital Letters,spotify:track:6l0Ky2PycJV1Bz88kFeVGL,219373,2018-02-09,65,0.667,0.814,0,-5.529,1,0.0736,0.0337,8.27e-06,0.0518,0.463,99.911,audio_features,6l0Ky2PycJV1Bz88kFeVGL,https://api.spotify.com/v1/tracks/6l0Ky2PycJV1Bz88kFeVGL,https://api.spotify.com/v1/audio-analysis/6l0Ky2PycJV1Bz88kFeVGL,219373,4
27,Ellie Goulding,spotify:artist:0X2BH1fck6amBIoJhDVmmJ,Bridget Jones’s Baby (Original Motion Picture Soundtrack),spotify:album:4JEghNfeXfS21MXpZWiRlc,"Still Falling For You - From ""Bridget Jones's Baby""",spotify:track:1s4txRBOvm6gImiomNpOZa,243373,2016-09-16,31,0.382,0.457,1,-10.329,1,0.0591,0.555,0.0,0.108,0.159,192.14,audio_features,1s4txRBOvm6gImiomNpOZa,https://api.spotify.com/v1/tracks/1s4txRBOvm6gImiomNpOZa,https://api.spotify.com/v1/audio-analysis/1s4txRBOvm6gImiomNpOZa,243373,4
28,Billie Eilish,spotify:artist:6qqNVTkY8uBg9cP3Jd7DAH,dont smile at me,spotify:album:7fRrTyKvE4Skh93v97gtcU,idontwannabeyouanymore,spotify:track:41zXlQxzTi6cGAjpOXyLYH,203569,2017-12-22,77,0.483,0.412,7,-8.461,1,0.0402,0.737,0.0,0.116,0.247,170.163,audio_features,41zXlQxzTi6cGAjpOXyLYH,https://api.spotify.com/v1/tracks/41zXlQxzTi6cGAjpOXyLYH,https://api.spotify.com/v1/audio-analysis/41zXlQxzTi6cGAjpOXyLYH,203569,3
29,"P!nk, Nate Ruess","spotify:artist:1KCSPY1glIKqW2TotWuXOR, spotify:artist:1qUjOF5fzrpoNycD36b2jZ",The Truth About Love,spotify:album:2Q9oTK48eb85waX1fFJsvj,Just Give Me a Reason (feat. Nate Ruess),spotify:track:1mKXFLRA179hdOWQBwUk9e,242733,2012-09-18,83,0.778,0.547,2,-7.273,1,0.0489,0.344,0.000306,0.132,0.442,95.0,audio_features,1mKXFLRA179hdOWQBwUk9e,https://api.spotify.com/v1/tracks/1mKXFLRA179hdOWQBwUk9e,https://api.spotify.com/v1/audio-analysis/1mKXFLRA179hdOWQBwUk9e,242733,4
30,Shawn Mendes,spotify:artist:7n2wHs1TKAczGzO7Dd2rGr,Illuminate (Deluxe),spotify:album:3wBabo4pmzsYjALMSKY7Iq,Mercy,spotify:track:0AS63m1wHv9n4VVRizK6Hc,208733,2017-04-20,79,0.554,0.662,11,-4.957,0,0.0821,0.126,0.0,0.111,0.338,148.122,audio_features,0AS63m1wHv9n4VVRizK6Hc,https://api.spotify.com/v1/tracks/0AS63m1wHv9n4VVRizK6Hc,https://api.spotify.com/v1/audio-analysis/0AS63m1wHv9n4VVRizK6Hc,208733,4
31,Shawn Mendes,spotify:artist:7n2wHs1TKAczGzO7Dd2rGr,Illuminate,spotify:album:1ne2D0NxoGyZd31gAM4HNd,Treat You Better,spotify:track:3QGsuHI8jO1Rx4JWLUh9jd,187973,2017-04-20,83,0.443,0.82,10,-4.091,0,0.34,0.107,0.0,0.107,0.771,82.697,audio_features,3QGsuHI8jO1Rx4JWLUh9jd,https://api.spotify.com/v1/tracks/3QGsuHI8jO1Rx4JWLUh9jd,https://api.spotify.com/v1/audio-analysis/3QGsuHI8jO1Rx4JWLUh9jd,187973,4
32,Milky Chance,spotify:artist:1hzfo8twXdOegF3xireCYs,Blossom (Deluxe),spotify:album:7zuqkqhGkTH3PSdywhLgY4,Cocoon,spotify:track:0L87MffumRNWrY2SNUFcvs,255160,2017-03-17,59,0.743,0.659,10,-6.755,1,0.0343,0.0998,0.00028,0.0622,0.804,114.033,audio_features,0L87MffumRNWrY2SNUFcvs,https://api.spotify.com/v1/tracks/0L87MffumRNWrY2SNUFcvs,https://api.spotify.com/v1/audio-analysis/0L87MffumRNWrY2SNUFcvs,255160,4
33,Omah Lay,spotify:artist:5yOvAmpIR7hVxiS6Ls5DPO,Bad Influence,spotify:album:6rgGPAYSh9ViRtQG2zSJLy,Bad Influence,spotify:track:2c00DlvpzthGKcyXpe5GHa,138652,2020-01-16,59,0.861,0.508,0,-10.648,0,0.176,0.586,0.323,0.109,0.728,96.909,audio_features,2c00DlvpzthGKcyXpe5GHa,https://api.spotify.com/v1/tracks/2c00DlvpzthGKcyXpe5GHa,https://api.spotify.com/v1/audio-analysis/2c00DlvpzthGKcyXpe5GHa,138653,4
34,The Bangles,spotify:artist:51l0uqRxGaczYr4271pVIC,The Essential Bangles,spotify:album:4yaX6Gmlvo42PnGgBdhzGf,Eternal Flame,spotify:track:5MoDQWMDMaAGDEiWsJfeCi,238026,2004,66,0.526,0.358,4,-7.239,0,0.0243,0.525,0.0,0.0942,0.399,78.989,audio_features,5MoDQWMDMaAGDEiWsJfeCi,https://api.spotify.com/v1/tracks/5MoDQWMDMaAGDEiWsJfeCi,https://api.spotify.com/v1/audio-analysis/5MoDQWMDMaAGDEiWsJfeCi,238027,3
35,"DVBBS, BRIDGE","spotify:artist:5X4LWwbUFNzPkEas04uU82, spotify:artist:05LTJdcIWfHyQXC1za07k8",GOMF,spotify:album:0wKMJfUXwbbjotRP8t8zBp,GOMF,spotify:track:7CTzuqi7g4vW8BXcEacvdB,197217,2019-05-03,0,0.749,0.659,9,-6.746,0,0.0343,0.00198,0.000755,0.181,0.407,114.964,audio_features,7CTzuqi7g4vW8BXcEacvdB,https://api.spotify.com/v1/tracks/7CTzuqi7g4vW8BXcEacvdB,https://api.spotify.com/v1/audio-analysis/7CTzuqi7g4vW8BXcEacvdB,197217,4
36,Arctic Monkeys,spotify:artist:7Ln80lUS6He07XvHI8qqHH,AM,spotify:album:78bpIziExqiI9qztvNFlQu,Do I Wanna Know?,spotify:track:5FVd6KXrgO9B3JPmC8OPst,272394,2013-09-09,85,0.548,0.532,5,-7.596,1,0.0323,0.186,0.000263,0.217,0.405,85.03,audio_features,5FVd6KXrgO9B3JPmC8OPst,https://api.spotify.com/v1/tracks/5FVd6KXrgO9B3JPmC8OPst,https://api.spotify.com/v1/audio-analysis/5FVd6KXrgO9B3JPmC8OPst,272394,4
37,Jason Mraz,spotify:artist:4phGZZrJZRo4ElhRtViYdl,Love Is a Four Letter Word,spotify:album:7oD9oCCtFhg5RoLtMR5TKl,I Won't Give Up,spotify:track:5ivF4eQBqJiVL5IAE9jRyl,240165,2012-04-13,66,0.483,0.303,4,-10.058,1,0.0429,0.694,0.0,0.115,0.139,133.406,audio_features,5ivF4eQBqJiVL5IAE9jRyl,https://api.spotify.com/v1/tracks/5ivF4eQBqJiVL5IAE9jRyl,https://api.spotify.com/v1/audio-analysis/5ivF4eQBqJiVL5IAE9jRyl,240166,3
38,Lewis Capaldi,spotify:artist:4GNC7GD6oZMSxPGyXy4MNB,Divinely Uninspired To A Hellish Extent (Extended Edition),spotify:album:2wiPF3m0ylst0JSk1IvZL8,Before You Go,spotify:track:2gMXnyrvIjhVBUZwvLZDMP,215106,2019-11-22,83,0.459,0.574,3,-4.857,1,0.0577,0.608,0.0,0.0885,0.183,111.881,audio_features,2gMXnyrvIjhVBUZwvLZDMP,https://api.spotify.com/v1/tracks/2gMXnyrvIjhVBUZwvLZDMP,https://api.spotify.com/v1/audio-analysis/2gMXnyrvIjhVBUZwvLZDMP,215107,4
39,Lewis Capaldi,spotify:artist:4GNC7GD6oZMSxPGyXy4MNB,Divinely Uninspired To A Hellish Extent,spotify:album:5658aM19fA3JVwTK6eQX70,Someone You Loved,spotify:track:7qEHsqek33rTcFNT9PFqLf,182160,2019-05-17,87,0.501,0.405,1,-5.679,1,0.0319,0.751,0.0,0.105,0.446,109.891,audio_features,7qEHsqek33rTcFNT9PFqLf,https://api.spotify.com/v1/tracks/7qEHsqek33rTcFNT9PFqLf,https://api.spotify.com/v1/audio-analysis/7qEHsqek33rTcFNT9PFqLf,182161,4
40,Adele,spotify:artist:4dpARuHxo51G3z768sgnrY,21,spotify:album:0Lg1uZvI312TPqxNWShFXL,Someone Like You,spotify:track:1zwMYTA5nlNjZxYrvBB2pV,285240,2011-01-24,77,0.556,0.319,9,-8.251,1,0.0281,0.893,0.0,0.0996,0.294,135.187,audio_features,1zwMYTA5nlNjZxYrvBB2pV,https://api.spotify.com/v1/tracks/1zwMYTA5nlNjZxYrvBB2pV,https://api.spotify.com/v1/audio-analysis/1zwMYTA5nlNjZxYrvBB2pV,285240,4
41,Radiohead,spotify:artist:4Z8W4fKeB5YxbusRsdQVPb,OK Computer,spotify:album:6dVIqQ8qmQ5GBnJ9shOYGE,Karma Police,spotify:track:63OQupATfueTdZMWTxW03A,264066,1997-05-28,77,0.36,0.501,7,-9.129,1,0.0258,0.0638,9.32e-05,0.172,0.324,74.807,audio_features,63OQupATfueTdZMWTxW03A,https://api.spotify.com/v1/tracks/63OQupATfueTdZMWTxW03A,https://api.spotify.com/v1/audio-analysis/63OQupATfueTdZMWTxW03A,264067,4
42,Coldplay,spotify:artist:4gzpq5DPGxSnKTe4SA8HAU,A Rush of Blood to the Head,spotify:album:0RHX9XECH8IVI3LNgWDpmQ,The Scientist,spotify:track:75JFxkI2RXiU7L9VXzMkle,309600,2002-08-08,84,0.557,0.442,5,-7.224,1,0.0243,0.731,1.46e-05,0.11,0.213,146.277,audio_features,75JFxkI2RXiU7L9VXzMkle,https://api.spotify.com/v1/tracks/75JFxkI2RXiU7L9VXzMkle,https://api.spotify.com/v1/audio-analysis/75JFxkI2RXiU7L9VXzMkle,309600,4
43,Coldplay,spotify:artist:4gzpq5DPGxSnKTe4SA8HAU,X&Y,spotify:album:4E7bV0pzG0LciBSWTszra6,Fix You,spotify:track:7LVHVU3tWfcxj5aiPFEW4Q,295533,2005-06-07,82,0.209,0.417,3,-8.74,1,0.0338,0.164,0.00196,0.113,0.124,138.178,audio_features,7LVHVU3tWfcxj5aiPFEW4Q,https://api.spotify.com/v1/tracks/7LVHVU3tWfcxj5aiPFEW4Q,https://api.spotify.com/v1/audio-analysis/7LVHVU3tWfcxj5aiPFEW4Q,295533,4
44,Hozier,spotify:artist:2FXC3k01G6Gw61bmprjgqS,Hozier,spotify:album:0Uv83rRhY5QvHKkQoULRKk,Take Me To Church,spotify:track:3dYD57lRAUcMHufyqn9GcI,241688,2014-09-19,83,0.575,0.664,4,-5.303,0,0.0481,0.637,0.0,0.116,0.437,129.071,audio_features,3dYD57lRAUcMHufyqn9GcI,https://api.spotify.com/v1/tracks/3dYD57lRAUcMHufyqn9GcI,https://api.spotify.com/v1/audio-analysis/3dYD57lRAUcMHufyqn9GcI,241688,4
45,Jason Mraz,spotify:artist:4phGZZrJZRo4ElhRtViYdl,We Sing. We Dance. We Steal Things. (Bonus Tracks Version),spotify:album:1UwzOp5hn3lAbOqsAfXBw8,I'm Yours,spotify:track:3S0OXQeoh0w6AY8WQVckRW,242946,2008-05-01,77,0.703,0.444,11,-9.331,1,0.0417,0.559,0.0,0.0973,0.712,150.96,audio_features,3S0OXQeoh0w6AY8WQVckRW,https://api.spotify.com/v1/tracks/3S0OXQeoh0w6AY8WQVckRW,https://api.spotify.com/v1/audio-analysis/3S0OXQeoh0w6AY8WQVckRW,242947,4
46,Coldplay,spotify:artist:4gzpq5DPGxSnKTe4SA8HAU,Parachutes,spotify:album:6ZG5lRT77aJ3btmArcykra,Yellow,spotify:track:3AJwUDP919kvQ9QcozQPxg,266773,2000-07-10,88,0.429,0.661,11,-7.227,1,0.0281,0.00239,0.000121,0.234,0.285,173.372,audio_features,3AJwUDP919kvQ9QcozQPxg,https://api.spotify.com/v1/tracks/3AJwUDP919kvQ9QcozQPxg,https://api.spotify.com/v1/audio-analysis/3AJwUDP919kvQ9QcozQPxg,266773,4
47,Michael Christopher,spotify:artist:14uW1kEBQAu0Hd4MvujeKm,I Won't Give Up - Single,spotify:album:4Yni7JTnpWFFfA2RMbPo3P,I Won't Give Up,spotify:track:6fxqMAzYXelM8x4N77UeOz,245001,2012-01-25,36,0.431,0.275,4,-8.139,1,0.0298,0.773,0.0,0.0863,0.219,107.105,audio_features,6fxqMAzYXelM8x4N77UeOz,https://api.spotify.com/v1/tracks/6fxqMAzYXelM8x4N77UeOz,https://api.spotify.com/v1/audio-analysis/6fxqMAzYXelM8x4N77UeOz,245001,5
48,The Calling,spotify:artist:5aMmmNxw4vgpc5XC6hK0zp,Camino Palmero,spotify:album:2Ir1mtE8K61cCNY5WQyKGV,Wherever You Will Go,spotify:track:5QpaGzWp0hwB5faV8dkbAz,208600,2001,75,0.558,0.719,2,-5.113,1,0.0267,0.0367,0.0,0.115,0.371,112.027,audio_features,5QpaGzWp0hwB5faV8dkbAz,https://api.spotify.com/v1/tracks/5QpaGzWp0hwB5faV8dkbAz,https://api.spotify.com/v1/audio-analysis/5QpaGzWp0hwB5faV8dkbAz,208600,4
49,Miley Cyrus,spotify:artist:5YGY8feqx7naU7z4HrwZM6,The Time Of Our Lives (International Version),spotify:album:0IuHVgAvbNDJnJepuSZ8Oz,The Climb,spotify:track:5x5JM1BSB6vollcIzDocqT,234520,2009-01-01,72,0.336,0.602,4,-6.354,1,0.0325,0.0635,0.0,0.141,0.299,161.01,audio_features,5x5JM1BSB6vollcIzDocqT,https://api.spotify.com/v1/tracks/5x5JM1BSB6vollcIzDocqT,https://api.spotify.com/v1/audio-analysis/5x5JM1BSB6vollcIzDocqT,234520,4
50,Nickelback,spotify:artist:6deZN1bslXzeGvOLaLMOIF,All the Right Reasons,spotify:album:3eZd2XbhLyPcgbgcsLTZh3,Far Away,spotify:track:0ADZ5dmXhlfzjMw6lefoPl,238173,2005-09-26,69,0.518,0.797,6,-5.153,1,0.0309,0.000681,0.0,0.107,0.293,132.918,audio_features,0ADZ5dmXhlfzjMw6lefoPl,https://api.spotify.com/v1/tracks/0ADZ5dmXhlfzjMw6lefoPl,https://api.spotify.com/v1/audio-analysis/0ADZ5dmXhlfzjMw6lefoPl,238173,4
51,James Arthur,spotify:artist:4IWBUUAFIplrNtaOHcJPRM,YOU,spotify:album:0cm9LOQUBK3JUgyoRj238z,Naked,spotify:track:2fmyrECK6bdfoGven0UMZx,233400,2019-10-18,68,0.525,0.61,6,-6.793,1,0.0404,0.084,0.0,0.0572,0.293,101.875,audio_features,2fmyrECK6bdfoGven0UMZx,https://api.spotify.com/v1/tracks/2fmyrECK6bdfoGven0UMZx,https://api.spotify.com/v1/audio-analysis/2fmyrECK6bdfoGven0UMZx,233400,4
52,Miley Cyrus,spotify:artist:5YGY8feqx7naU7z4HrwZM6,When I Look At You,spotify:album:20luXQ6bzvXEI7VKHZO3lq,When I Look At You,spotify:track:71Uqwm5XGcqnWOg6MS4Wi3,223853,2010-01-01,36,0.426,0.562,6,-5.499,1,0.0289,0.128,0.0,0.113,0.276,139.058,audio_features,71Uqwm5XGcqnWOg6MS4Wi3,https://api.spotify.com/v1/tracks/71Uqwm5XGcqnWOg6MS4Wi3,https://api.spotify.com/v1/audio-analysis/71Uqwm5XGcqnWOg6MS4Wi3,223853,3
53,Evanescence,spotify:artist:5nGIFgo0shDenQYSE0Sn7c,Fallen,spotify:album:02w1xMzzdF2OJxTeh1basm,My Immortal,spotify:track:4UzVcXufOhGUwF56HT7b8M,262533,2003-03-04,73,0.19,0.265,9,-9.206,1,0.0356,0.863,0.0,0.134,0.101,79.012,audio_features,4UzVcXufOhGUwF56HT7b8M,https://api.spotify.com/v1/tracks/4UzVcXufOhGUwF56HT7b8M,https://api.spotify.com/v1/audio-analysis/4UzVcXufOhGUwF56HT7b8M,262533,4
54,Avril Lavigne,spotify:artist:0p4nmQO2msCgU4IF37Wi3j,Let Go,spotify:album:3zXjR3y2dUWklKmmp6lEhy,I'm with You,spotify:track:1jlG3KJ3gdYmhfuySFfpO1,223066,2002-06-04,71,0.457,0.406,9,-7.462,1,0.0291,0.08,0.0,0.117,0.208,151.95,audio_features,1jlG3KJ3gdYmhfuySFfpO1,https://api.spotify.com/v1/tracks/1jlG3KJ3gdYmhfuySFfpO1,https://api.spotify.com/v1/audio-analysis/1jlG3KJ3gdYmhfuySFfpO1,223067,3
55,Alicia Keys,spotify:artist:3DiDSECUqqY1AuBP8qtaIa,Vault Volume 1,spotify:album:0dICqPiSgbmRRRqWAT0XKk,No One - Acoustic,spotify:track:73E08jF1urQQSO0oTzCPpP,259569,2017-04-07,51,0.38,0.325,4,-5.862,1,0.0328,0.712,0.0,0.0997,0.429,89.898,audio_features,73E08jF1urQQSO0oTzCPpP,https://api.spotify.com/v1/tracks/73E08jF1urQQSO0oTzCPpP,https://api.spotify.com/v1/audio-analysis/73E08jF1urQQSO0oTzCPpP,259570,4
56,Backstreet Boys,spotify:artist:5rSXSAkZ67PYJSvpUpkOr7,Never Gone,spotify:album:1Wz9PANLXjaOskUv575hRV,Incomplete,spotify:track:0CnD7Hiw6pae6rLsZw5q5W,239586,2005-06-14,63,0.437,0.589,4,-4.834,1,0.0331,0.231,0.0,0.0768,0.165,133.631,audio_features,0CnD7Hiw6pae6rLsZw5q5W,https://api.spotify.com/v1/tracks/0CnD7Hiw6pae6rLsZw5q5W,https://api.spotify.com/v1/audio-analysis/0CnD7Hiw6pae6rLsZw5q5W,239587,4
57,Justin Bieber,spotify:artist:1uNFoZAHBGtllmzznpCI3s,Believe Acoustic,spotify:album:4yz9rO7Q1UC2rK5eLOxmS7,As Long As You Love Me - Acoustic Version,spotify:track:1kN9UiyOSRVCrSc49ft0lp,221693,2013-01-01,50,0.549,0.307,11,-9.171,0,0.0351,0.776,0.0,0.0871,0.428,135.57,audio_features,1kN9UiyOSRVCrSc49ft0lp,https://api.spotify.com/v1/tracks/1kN9UiyOSRVCrSc49ft0lp,https://api.spotify.com/v1/audio-analysis/1kN9UiyOSRVCrSc49ft0lp,221693,4
58,"High School Musical Cast, Vanessa Hudgens, Zac Efron, Disney","spotify:artist:2gUMs9PE8XZVQyzCDqaYmW, spotify:artist:6G9bygHlCyPgNGxK2l3YdE, spotify:artist:6U1dBXJhC8gXFjamvFTmHg, spotify:artist:3xvaSlT4xsyk6lY1ESOspO",High School Musical 3: Senior Year,spotify:album:6j8k5gIeWzXapGKTVaZzER,Can I Have This Dance,spotify:track:6YXG34IWbilypPwjBTOrUC,243773,2008-01-01,63,0.555,0.619,0,-5.246,1,0.0296,0.203,0.0,0.265,0.426,136.069,audio_features,6YXG34IWbilypPwjBTOrUC,https://api.spotify.com/v1/tracks/6YXG34IWbilypPwjBTOrUC,https://api.spotify.com/v1/audio-analysis/6YXG34IWbilypPwjBTOrUC,243773,3
59,Eminem,spotify:artist:7dGJo4pcD2V6oG8kP0tJRR,SHADYXV,spotify:album:3CjuTytLZz3G9znXt2rJgU,Lose Yourself,spotify:track:7MJQ9Nfxzh8LPZ9e9u68Fq,320626,2014-11-24,70,0.689,0.735,2,-4.545,1,0.267,0.00922,0.00072,0.365,0.059,171.403,audio_features,7MJQ9Nfxzh8LPZ9e9u68Fq,https://api.spotify.com/v1/tracks/7MJQ9Nfxzh8LPZ9e9u68Fq,https://api.spotify.com/v1/audio-analysis/7MJQ9Nfxzh8LPZ9e9u68Fq,320627,4
60,Yusuf / Cat Stevens,spotify:artist:08F3Y3SctIlsOEmKd6dnH8,Tea For The Tillerman (Remastered 2020),spotify:album:44VxbAytHpVi3Rq8hRhild,Wild World,spotify:track:7mjSHL2Eb0kAwiKbvNNyD9,200560,1970-11-23,78,0.48,0.542,0,-8.51,1,0.0348,0.345,0.000609,0.113,0.567,152.853,audio_features,7mjSHL2Eb0kAwiKbvNNyD9,https://api.spotify.com/v1/tracks/7mjSHL2Eb0kAwiKbvNNyD9,https://api.spotify.com/v1/audio-analysis/7mjSHL2Eb0kAwiKbvNNyD9,200560,4
61,Bee Gees,spotify:artist:1LZEQNv7sE11VDY3SdxQeN,Greatest,spotify:album:5YHZaCxCuuK81h4Fimb9rT,How Deep Is Your Love,spotify:track:2JoZzpdeP2G6Csfdq5aLXP,245200,1979-01-01,77,0.633,0.357,5,-9.366,0,0.0264,0.107,0.0,0.133,0.672,104.938,audio_features,2JoZzpdeP2G6Csfdq5aLXP,https://api.spotify.com/v1/tracks/2JoZzpdeP2G6Csfdq5aLXP,https://api.spotify.com/v1/audio-analysis/2JoZzpdeP2G6Csfdq5aLXP,245200,4
62,Snow Patrol,spotify:artist:3rIZMv9rysU7JkLzEaC5Jp,Eyes Open,spotify:album:6fb7z9rBdrjzpBTg1R1Bwp,Chasing Cars,spotify:track:11bD1JtSjlIgKgZG2134DZ,267933,2006-01-01,3,0.563,0.592,9,-4.571,1,0.0276,0.209,5.08e-05,0.132,0.136,104.016,audio_features,11bD1JtSjlIgKgZG2134DZ,https://api.spotify.com/v1/tracks/11bD1JtSjlIgKgZG2134DZ,https://api.spotify.com/v1/audio-analysis/11bD1JtSjlIgKgZG2134DZ,267933,4
63,"Fugees, Ms. Lauryn Hill","spotify:artist:2WKdxPFRD7IqZvlIAvhMgY, spotify:artist:2Mu5NfyYm8n5iTomuKAEHl",The Score (Expanded Edition),spotify:album:18XFe4CPBgVezXkxZP6rTb,Killing Me Softly With His Song,spotify:track:0Q0IVlqMV64kNLlwjPj0Hl,298666,1996-02-13,78,0.765,0.289,4,-17.125,0,0.147,0.0268,1.77e-06,0.562,0.501,92.413,audio_features,0Q0IVlqMV64kNLlwjPj0Hl,https://api.spotify.com/v1/tracks/0Q0IVlqMV64kNLlwjPj0Hl,https://api.spotify.com/v1/audio-analysis/0Q0IVlqMV64kNLlwjPj0Hl,298667,4
64,Lenny Kravitz,spotify:artist:5gznATMVO85ZcLTkE9ULU7,Again,spotify:album:7aiQ0WWBBC0HzeI0PgGYJs,Again,spotify:track:5c1QJAiC3773EwiZLwHf5x,231666,2000-01-01,68,0.55,0.804,2,-5.218,1,0.0271,0.0148,4.33e-05,0.105,0.789,79.166,audio_features,5c1QJAiC3773EwiZLwHf5x,https://api.spotify.com/v1/tracks/5c1QJAiC3773EwiZLwHf5x,https://api.spotify.com/v1/audio-analysis/5c1QJAiC3773EwiZLwHf5x,231667,4
65,3 Doors Down,spotify:artist:2RTUTCvo6onsAnheUk3aL9,Here Without You,spotify:album:6Q0u8XcFdPDxv3f3rLY6QE,Here Without You,spotify:track:0y2IOSoxpgGJ3KZDrmat9p,237075,2003-01-01,0,0.553,0.537,10,-6.785,0,0.0254,0.0465,0.0,0.246,0.238,144.027,audio_features,0y2IOSoxpgGJ3KZDrmat9p,https://api.spotify.com/v1/tracks/0y2IOSoxpgGJ3KZDrmat9p,https://api.spotify.com/v1/audio-analysis/0y2IOSoxpgGJ3KZDrmat9p,237076,4
66,"Nelly, Kelly Rowland","spotify:artist:2gBjLmx6zQnFGQJCAQpRgw, spotify:artist:3AuMNF8rQAKOzjYppFNAoB",Nellyville,spotify:album:4HUUHHXBXImwksfbSPqE7q,Dilemma,spotify:track:0ARK753YaiJbpLUk7z5yIM,289160,2002-06-25,78,0.727,0.552,2,-8.074,0,0.14,0.226,0.00016,0.198,0.607,168.19,audio_features,0ARK753YaiJbpLUk7z5yIM,https://api.spotify.com/v1/tracks/0ARK753YaiJbpLUk7z5yIM,https://api.spotify.com/v1/audio-analysis/0ARK753YaiJbpLUk7z5yIM,289160,4
67,Kelly Clarkson,spotify:artist:3BmGtnKgCSGYIUhmivXKWX,Greatest Hits - Chapter One,spotify:album:0UxWN628tSTCaR4NVpqSHM,Because of You,spotify:track:1258tSoXDDa43uqT75r5N0,220373,2012-11-16,50,0.583,0.58,5,-5.395,0,0.0319,0.243,0.0,0.198,0.119,139.82,audio_features,1258tSoXDDa43uqT75r5N0,https://api.spotify.com/v1/tracks/1258tSoXDDa43uqT75r5N0,https://api.spotify.com/v1/audio-analysis/1258tSoXDDa43uqT75r5N0,220373,4
68,Shakira,spotify:artist:0EmeFodog0BfCgMzAIvKQp,Servicio De Lavandería,spotify:album:62F8unRY46ZDR2EE5ag5Z5,Underneath Your Clothes,spotify:track:6biR1gMwcN71SDt3Eh4eEu,224426,2001,48,0.624,0.592,8,-5.279,1,0.036,0.653,0.0,0.106,0.398,165.54,audio_features,6biR1gMwcN71SDt3Eh4eEu,https://api.spotify.com/v1/tracks/6biR1gMwcN71SDt3Eh4eEu,https://api.spotify.com/v1/audio-analysis/6biR1gMwcN71SDt3Eh4eEu,224427,4
69,Aerosmith,spotify:artist:7Ey4PD4MYsKc5I2dolUwbH,Armageddon - The Album,spotify:album:4f7HKjBnjpMsDBDTHYV890,"I Don't Want to Miss a Thing - From ""Armageddon"" Soundtrack",spotify:track:225xvV8r1yKMHErSWivnow,298760,1998-06-23,72,0.383,0.662,2,-5.162,1,0.0333,0.165,0.0,0.248,0.138,121.154,audio_features,225xvV8r1yKMHErSWivnow,https://api.spotify.com/v1/tracks/225xvV8r1yKMHErSWivnow,https://api.spotify.com/v1/audio-analysis/225xvV8r1yKMHErSWivnow,298760,4
70,Bon Jovi,spotify:artist:58lV9VcRSjABbAbfWS6skp,Bon Jovi Greatest Hits,spotify:album:3Ad4QdO0EJr1c2livr9cmm,Always,spotify:track:7o10Pto0YFchZl1zL4dLPH,353106,2010-01-01,0,0.373,0.678,4,-5.528,1,0.0325,0.143,0.0,0.168,0.346,141.42,audio_features,7o10Pto0YFchZl1zL4dLPH,https://api.spotify.com/v1/tracks/7o10Pto0YFchZl1zL4dLPH,https://api.spotify.com/v1/audio-analysis/7o10Pto0YFchZl1zL4dLPH,353107,4
71,Creed,spotify:artist:43sZBwHjahUvgbx1WNIkIz,Human Clay,spotify:album:3Nyjm9NBEdiaiWr2BEaV46,With Arms Wide Open,spotify:track:0eKyHwckh9vQb8ncZ2DXCs,274800,1999-01-01,68,0.41,0.539,0,-8.412,1,0.0302,0.00425,0.00089,0.117,0.141,138.852,audio_features,0eKyHwckh9vQb8ncZ2DXCs,https://api.spotify.com/v1/tracks/0eKyHwckh9vQb8ncZ2DXCs,https://api.spotify.com/v1/audio-analysis/0eKyHwckh9vQb8ncZ2DXCs,274800,4
72,Creed,spotify:artist:43sZBwHjahUvgbx1WNIkIz,Weathered,spotify:album:2ENlJXygQX6en4iziijet6,One Last Breath,spotify:track:42T2QQv3xgBlpQxaSP7lnK,238240,2001-01-01,75,0.386,0.677,2,-5.83,1,0.0346,0.00841,0.00366,0.341,0.195,126.602,audio_features,42T2QQv3xgBlpQxaSP7lnK,https://api.spotify.com/v1/tracks/42T2QQv3xgBlpQxaSP7lnK,https://api.spotify.com/v1/audio-analysis/42T2QQv3xgBlpQxaSP7lnK,238240,4
73,Creed,spotify:artist:43sZBwHjahUvgbx1WNIkIz,Weathered,spotify:album:2ENlJXygQX6en4iziijet6,My Sacrifice,spotify:track:2VSbEXqs6NbNiZSTcHlIDR,294600,2001-01-01,72,0.32,0.88,2,-6.035,1,0.0504,0.000101,4.31e-06,0.076,0.257,146.349,audio_features,2VSbEXqs6NbNiZSTcHlIDR,https://api.spotify.com/v1/tracks/2VSbEXqs6NbNiZSTcHlIDR,https://api.spotify.com/v1/audio-analysis/2VSbEXqs6NbNiZSTcHlIDR,294600,4
74,Olly Alexander (Years & Years),spotify:artist:5vBSrE1xujD2FXYRarbAXc,Take Shelter,spotify:album:2dzxJbiJKhQo2aqUrtjZP0,Take Shelter,spotify:track:0dftdFz4eI4kGctUMLBxUc,245032,2014-01-01,32,0.713,0.571,6,-6.015,0,0.0707,0.0613,0.0,0.148,0.66,99.986,audio_features,0dftdFz4eI4kGctUMLBxUc,https://api.spotify.com/v1/tracks/0dftdFz4eI4kGctUMLBxUc,https://api.spotify.com/v1/audio-analysis/0dftdFz4eI4kGctUMLBxUc,245033,4
75,"Coolio, L.V.","spotify:artist:3y24n3XhZ96wgwRXjvS17T, spotify:artist:2LhsePRtgCo4THVKULQBL7",Gangsta's Paradise,spotify:album:0fYctMs4EvoEqzDh8Kmg5g,Gangsta's Paradise,spotify:track:7lQWRAjyhTpCWFC0jmclT4,240693,1995-11-07,4,0.647,0.514,8,-10.05,1,0.0593,0.0655,0.0,0.398,0.387,79.974,audio_features,7lQWRAjyhTpCWFC0jmclT4,https://api.spotify.com/v1/tracks/7lQWRAjyhTpCWFC0jmclT4,https://api.spotify.com/v1/audio-analysis/7lQWRAjyhTpCWFC0jmclT4,240693,4
76,Bryan Adams,spotify:artist:3Z02hBLubJxuFJfhacLSDc,The Best Of Me,spotify:album:4kbE34G5bxaxwuCqz0NEw4,Have You Ever Really Loved A Woman?,spotify:track:0zM1AyagtXphAIgK0RbEKf,289373,1999-01-01,0,0.567,0.529,7,-8.091,1,0.0295,0.555,9.82e-06,0.0936,0.352,145.587,audio_features,0zM1AyagtXphAIgK0RbEKf,https://api.spotify.com/v1/tracks/0zM1AyagtXphAIgK0RbEKf,https://api.spotify.com/v1/audio-analysis/0zM1AyagtXphAIgK0RbEKf,289373,3
77,Rammstein,spotify:artist:6wWVKhxIU2cEi0K81v7HvP,Sehnsucht,spotify:album:6f4dhaPfZqf2JXewAvE4gq,Du hast,spotify:track:3cwDSDzTiWr5H5xMQhQ6Mx,234226,1997-08-25,0,0.64,0.922,9,-6.283,0,0.0385,0.00369,0.055,0.332,0.716,125.105,audio_features,3cwDSDzTiWr5H5xMQhQ6Mx,https://api.spotify.com/v1/tracks/3cwDSDzTiWr5H5xMQhQ6Mx,https://api.spotify.com/v1/audio-analysis/3cwDSDzTiWr5H5xMQhQ6Mx,234227,4
78,Linkin Park,spotify:artist:6XyY86QOPPrYVGvF9ch6wz,Hybrid Theory (Bonus Edition),spotify:album:6hPkbAV3ZXpGZBGUvL6jVM,In the End,spotify:track:60a0Rd6pjrkxjPbaKzXjfq,216880,2000,87,0.556,0.864,3,-5.87,0,0.0584,0.00958,0.0,0.209,0.4,105.143,audio_features,60a0Rd6pjrkxjPbaKzXjfq,https://api.spotify.com/v1/tracks/60a0Rd6pjrkxjPbaKzXjfq,https://api.spotify.com/v1/audio-analysis/60a0Rd6pjrkxjPbaKzXjfq,216880,4
79,Linkin Park,spotify:artist:6XyY86QOPPrYVGvF9ch6wz,Hybrid Theory (Bonus Edition),spotify:album:6hPkbAV3ZXpGZBGUvL6jVM,Crawling,spotify:track:57BrRMwf9LrcmuOsyGilwr,208960,2000,77,0.58,0.702,4,-5.565,1,0.0337,0.0466,3.2e-06,0.536,0.299,105.076,audio_features,57BrRMwf9LrcmuOsyGilwr,https://api.spotify.com/v1/tracks/57BrRMwf9LrcmuOsyGilwr,https://api.spotify.com/v1/audio-analysis/57BrRMwf9LrcmuOsyGilwr,208960,4
80,Michael Jackson,spotify:artist:3fMbdgg4jU18AjLCKBhRSm,Number Ones,spotify:album:1jcYwZsN7JEve9xsq9BuUX,You Rock My World - Radio Edit,spotify:track:4oY2T9ur7Ll5b2kpBlcWcb,265933,1979,61,0.819,0.774,4,-2.53,0,0.101,0.0297,0.000626,0.0896,0.947,95.004,audio_features,4oY2T9ur7Ll5b2kpBlcWcb,https://api.spotify.com/v1/tracks/4oY2T9ur7Ll5b2kpBlcWcb,https://api.spotify.com/v1/audio-analysis/4oY2T9ur7Ll5b2kpBlcWcb,265933,4
81,Bruno Mars,spotify:artist:0du5cEVh5yTK9QJze8zA0C,Doo-Wops & Hooligans,spotify:album:6J84szYCnMfzEcvIcfWMFL,Grenade,spotify:track:4lLtanYk6tkMvooU0tWzG8,222091,2010-10-05,79,0.704,0.558,2,-7.273,0,0.0542,0.148,0.0,0.107,0.245,110.444,audio_features,4lLtanYk6tkMvooU0tWzG8,https://api.spotify.com/v1/tracks/4lLtanYk6tkMvooU0tWzG8,https://api.spotify.com/v1/audio-analysis/4lLtanYk6tkMvooU0tWzG8,222091,4
82,Stevie B,spotify:artist:6V7pNWhlJpD0s0bMdB1PU9,Love And Emotion,spotify:album:0ruAWd75Hr6xtUS2ht8HW1,Because I Love You (The Postman Song),spotify:track:6VmodO1LYuO5RVpaqn5kwp,303333,1990,44,0.347,0.37,1,-10.027,1,0.0291,0.743,2.67e-06,0.113,0.0584,128.398,audio_features,6VmodO1LYuO5RVpaqn5kwp,https://api.spotify.com/v1/tracks/6VmodO1LYuO5RVpaqn5kwp,https://api.spotify.com/v1/audio-analysis/6VmodO1LYuO5RVpaqn5kwp,303333,4
83,Pearl Jam,spotify:artist:1w5Kfo2jwwIPruYS2UWh56,Ten,spotify:album:5B4PYA7wNN4WdEXdIJu58a,Black,spotify:track:5Xak5fmy089t0FYmh3VJiY,342653,1991-08-27,73,0.36,0.684,4,-6.457,0,0.0308,0.323,0.0,0.34,0.2,77.15,audio_features,5Xak5fmy089t0FYmh3VJiY,https://api.spotify.com/v1/tracks/5Xak5fmy089t0FYmh3VJiY,https://api.spotify.com/v1/audio-analysis/5Xak5fmy089t0FYmh3VJiY,342653,4
84,LP,spotify:artist:0J7U24vlOOIeMpuaO6Q85A,Lost on You,spotify:album:0dYi4VGov4Dl4AED2eVwPw,When We're High,spotify:track:7ohDUXs6SsU3XjTI9pcKTS,237500,2017-05-05,3,0.754,0.739,4,-5.186,0,0.0383,0.0214,6.56e-06,0.114,0.573,112.996,audio_features,7ohDUXs6SsU3XjTI9pcKTS,https://api.spotify.com/v1/tracks/7ohDUXs6SsU3XjTI9pcKTS,https://api.spotify.com/v1/audio-analysis/7ohDUXs6SsU3XjTI9pcKTS,237501,4
85,LP,spotify:artist:0J7U24vlOOIeMpuaO6Q85A,Lost on You,spotify:album:0dYi4VGov4Dl4AED2eVwPw,Lost on You,spotify:track:2LIh4uzqq9cXMPzzmcToHl,268105,2017-05-05,10,0.433,0.724,5,-6.126,0,0.0372,0.1,0.0,0.0918,0.689,174.006,audio_features,2LIh4uzqq9cXMPzzmcToHl,https://api.spotify.com/v1/tracks/2LIh4uzqq9cXMPzzmcToHl,https://api.spotify.com/v1/audio-analysis/2LIh4uzqq9cXMPzzmcToHl,268105,4
86,t.A.T.u.,spotify:artist:2Q3eZMfDQgT8MhPowKFXYO,200 KM/H In The Wrong Lane (10th Anniversary Edition),spotify:album:4vyPN44zoiJXE6hruCCrGB,All The Things She Said,spotify:track:4bJygwUKrRgq1stlNXcgMg,214440,2002,75,0.527,0.834,5,-5.767,0,0.0474,0.0411,0.00599,0.105,0.381,179.92,audio_features,4bJygwUKrRgq1stlNXcgMg,https://api.spotify.com/v1/tracks/4bJygwUKrRgq1stlNXcgMg,https://api.spotify.com/v1/audio-analysis/4bJygwUKrRgq1stlNXcgMg,214440,4
87,Avril Lavigne,spotify:artist:0p4nmQO2msCgU4IF37Wi3j,The Best Damn Thing (Expanded Edition),spotify:album:6lqE05fiHWJVYYdMVJNj38,When You're Gone,spotify:track:54JKnDB3CzVu8wNAOM27BI,240493,2007-04-17,68,0.457,0.719,4,-3.921,0,0.0323,0.191,0.0,0.228,0.168,142.034,audio_features,54JKnDB3CzVu8wNAOM27BI,https://api.spotify.com/v1/tracks/54JKnDB3CzVu8wNAOM27BI,https://api.spotify.com/v1/audio-analysis/54JKnDB3CzVu8wNAOM27BI,240493,4
88,Eminem,spotify:artist:7dGJo4pcD2V6oG8kP0tJRR,The Eminem Show,spotify:album:2cWBwpqMsDJC1ZUwz813lo,Cleanin' Out My Closet,spotify:track:7BMO7O7ImjV8HNTH74Tshv,297840,2002-05-26,72,0.908,0.758,9,-4.753,0,0.174,0.0687,0.0,0.0783,0.87,148.015,audio_features,7BMO7O7ImjV8HNTH74Tshv,https://api.spotify.com/v1/tracks/7BMO7O7ImjV8HNTH74Tshv,https://api.spotify.com/v1/audio-analysis/7BMO7O7ImjV8HNTH74Tshv,297840,4
89,Sam Smith,spotify:artist:2wY79sveU1sp5g7SokKOiI,"Fire On Fire (From ""Watership Down"")",spotify:album:5utJfkRQ5yEIat3AIK6WIL,"Fire On Fire - From ""Watership Down""",spotify:track:5rFj8OzffT0iggSjcBaeND,246735,2018-12-21,61,0.584,0.408,1,-7.356,0,0.0461,0.476,0.0,0.18,0.333,115.129,audio_features,5rFj8OzffT0iggSjcBaeND,https://api.spotify.com/v1/tracks/5rFj8OzffT0iggSjcBaeND,https://api.spotify.com/v1/audio-analysis/5rFj8OzffT0iggSjcBaeND,246735,4
90,Rammstein,spotify:artist:6wWVKhxIU2cEi0K81v7HvP,Rammstein,spotify:album:1LoyJQVHPLHE3fCCS8Juek,Deutschland,spotify:track:2bPGTMB5sFfFYQ2YvSmup0,322339,2019-05-17,75,0.521,0.895,7,-5.242,1,0.0442,5.54e-05,0.349,0.0985,0.237,120.117,audio_features,2bPGTMB5sFfFYQ2YvSmup0,https://api.spotify.com/v1/tracks/2bPGTMB5sFfFYQ2YvSmup0,https://api.spotify.com/v1/audio-analysis/2bPGTMB5sFfFYQ2YvSmup0,322340,4
91,Metallica,spotify:artist:2ye2Wgw4gimLv2eAKyk1NB,Metallica,spotify:album:2Kh43m04B1UkVcpcRa1Zug,The Unforgiven,spotify:track:4aYLAF6ckQ5ooGGGM7sWAa,386493,1991-08-12,72,0.54,0.584,7,-9.579,1,0.0254,0.0108,0.00296,0.253,0.244,139.261,audio_features,4aYLAF6ckQ5ooGGGM7sWAa,https://api.spotify.com/v1/tracks/4aYLAF6ckQ5ooGGGM7sWAa,https://api.spotify.com/v1/audio-analysis/4aYLAF6ckQ5ooGGGM7sWAa,386493,4
92,Imagine Dragons,spotify:artist:53XhwfbYqKCa1cC15pYq2q,Origins (Deluxe),spotify:album:3JfSxDfmwS5OeHPwLSkrfr,Natural,spotify:track:2FY7b99s15jUprqC0M5NCT,189466,2018-11-09,80,0.704,0.611,2,-6.112,1,0.041,0.217,0.0,0.0812,0.22,99.994,audio_features,2FY7b99s15jUprqC0M5NCT,https://api.spotify.com/v1/tracks/2FY7b99s15jUprqC0M5NCT,https://api.spotify.com/v1/audio-analysis/2FY7b99s15jUprqC0M5NCT,189467,4
93,Britney Spears,spotify:artist:26dSoYclwsYLMAKD3tpOr4,Britney (Digital Deluxe Version),spotify:album:5ax3GTsfX5uCUaNgnJsSG5,Overprotected - Radio Edit,spotify:track:5p0KCAuu5nrHpTuAIhHdLw,198600,2001-10-31,61,0.682,0.894,0,-1.73,0,0.0727,0.0381,0.0,0.416,0.845,95.992,audio_features,5p0KCAuu5nrHpTuAIhHdLw,https://api.spotify.com/v1/tracks/5p0KCAuu5nrHpTuAIhHdLw,https://api.spotify.com/v1/audio-analysis/5p0KCAuu5nrHpTuAIhHdLw,198600,4
94,Capital Cities,spotify:artist:4gwpcMTbLWtBUlOijbVpuu,In A Tidal Wave Of Mystery (Deluxe Edition),spotify:album:3WrufJir7I61NkvkDwxero,Safe And Sound,spotify:track:6Z8R6UsFuGXGtiIxiD8ISb,192789,2013,82,0.655,0.819,0,-4.852,1,0.0316,0.000176,0.00374,0.104,0.766,117.956,audio_features,6Z8R6UsFuGXGtiIxiD8ISb,https://api.spotify.com/v1/tracks/6Z8R6UsFuGXGtiIxiD8ISb,https://api.spotify.com/v1/audio-analysis/6Z8R6UsFuGXGtiIxiD8ISb,192790,5
95,P!nk,spotify:artist:1KCSPY1glIKqW2TotWuXOR,M!ssundaztood (Expanded Edition),spotify:album:57wJKO7qrPw56iOEKhTmg2,Just Like a Pill,spotify:track:1BpV8IGf4XsRRJf4Xuui9q,236600,2001,67,0.689,0.774,9,-4.528,1,0.0278,8.72e-05,0.0,0.0941,0.25,102.054,audio_features,1BpV8IGf4XsRRJf4Xuui9q,https://api.spotify.com/v1/tracks/1BpV8IGf4XsRRJf4Xuui9q,https://api.spotify.com/v1/audio-analysis/1BpV8IGf4XsRRJf4Xuui9q,236600,4
96,The Verve,spotify:artist:2cGwlqi3k18jFpUyTrsR84,Urban Hymns (Remastered 2016),spotify:album:52AeC4gwbxDfFlLHgK1ByD,Bitter Sweet Symphony - Remastered 2016,spotify:track:57iDDD9N9tTWe75x6qhStw,357266,1997-09-29,79,0.356,0.917,9,-6.006,1,0.0479,0.0335,0.0,0.406,0.518,171.176,audio_features,57iDDD9N9tTWe75x6qhStw,https://api.spotify.com/v1/tracks/57iDDD9N9tTWe75x6qhStw,https://api.spotify.com/v1/audio-analysis/57iDDD9N9tTWe75x6qhStw,357267,4
97,Thirty Seconds To Mars,spotify:artist:0RqtSIYZmd4fiBKVFqyIqD,This Is War (Deluxe),spotify:album:5nI4Eo1vWUWXzeT4WrzTGL,Hurricane,spotify:track:69wXbIKtG6hzE4ID0wJTry,372133,2009,43,0.533,0.747,10,-5.678,0,0.0443,0.041,5.7e-06,0.261,0.277,124.97,audio_features,69wXbIKtG6hzE4ID0wJTry,https://api.spotify.com/v1/tracks/69wXbIKtG6hzE4ID0wJTry,https://api.spotify.com/v1/audio-analysis/69wXbIKtG6hzE4ID0wJTry,372133,4
98,Olly Alexander (Years & Years),spotify:artist:5vBSrE1xujD2FXYRarbAXc,Communion (Deluxe),spotify:album:0bWYlK9rRmIB68icHx9PNR,Desire,spotify:track:20ouJW3BTG6aFAugslihCw,206773,2015-07-10,58,0.685,0.792,10,-4.157,0,0.0443,0.223,0.0,0.334,0.736,126.002,audio_features,20ouJW3BTG6aFAugslihCw,https://api.spotify.com/v1/tracks/20ouJW3BTG6aFAugslihCw,https://api.spotify.com/v1/audio-analysis/20ouJW3BTG6aFAugslihCw,206773,4
99,"ZAYN, Sia","spotify:artist:5ZsFI1h6hIdQRw2ti0hz81, spotify:artist:5WUlDfRSoLAfcVSX1WnrxN",Icarus Falls,spotify:album:1DF9B2hfwX4EdgEFwGcRwh,Dusk Till Dawn (feat. Sia) - Radio Edit,spotify:track:3e7sxremeOE3wTySiOhGiP,239000,2018-12-14,80,0.259,0.437,11,-6.589,0,0.0386,0.102,1.32e-06,0.106,0.0951,180.042,audio_features,3e7sxremeOE3wTySiOhGiP,https://api.spotify.com/v1/tracks/3e7sxremeOE3wTySiOhGiP,https://api.spotify.com/v1/audio-analysis/3e7sxremeOE3wTySiOhGiP,239000,4
100,Metallica,spotify:artist:2ye2Wgw4gimLv2eAKyk1NB,Metallica,spotify:album:2Kh43m04B1UkVcpcRa1Zug,Enter Sandman,spotify:track:5sICkBXVmaCQk5aISGR3x1,331266,1991-08-12,80,0.577,0.828,6,-8.691,0,0.0298,0.00213,0.0114,0.0581,0.604,123.257,audio_features,5sICkBXVmaCQk5aISGR3x1,https://api.spotify.com/v1/tracks/5sICkBXVmaCQk5aISGR3x1,https://api.spotify.com/v1/audio-analysis/5sICkBXVmaCQk5aISGR3x1,331267,4
